year,league,division,team,wins,peryearwinschange,losses,ties,wp,gb,teampayroll,peryearpayrollchange
2019,National,West,Arizona Diamondbacks,85,3,77,0,0.525,21.0,"123,932,983",0.06803
2018,National,West,Arizona Diamondbacks,82,-11,80,0,0.506,9.5,"116,038,416",0.48685
2017,National,West,Arizona Diamondbacks,93,24,69,0,0.574,11.0,"78,042,999",-0.01738
2016,National,West,Arizona Diamondbacks,69,-10,93,0,0.426,22.0,"79,423,163",0.24463
2015,National,West,Arizona Diamondbacks,79,15,83,0,0.488,13.0,"63,812,833",-0.43372
2014,National,West,Arizona Diamondbacks,64,-17,98,0,0.395,30.0,"112,688,666",0.50040
2013,National,West,Arizona Diamondbacks,81,0,81,0,0.500,11.0,"75,105,500",0.01105
2012,National,West,Arizona Diamondbacks,81,-13,81,0,0.500,13.0,"74,284,833",0.38488
2011,National,West,Arizona Diamondbacks,94,29,68,0,0.580,0.0,"53,639,833",-0.11658
2010,National,West,Arizona Diamondbacks,65,-5,97,0,0.401,27.0,"60,718,167",-0.17409
2009,National,West,Arizona Diamondbacks,70,-12,92,0,0.432,25.0,"73,516,666",0.11048
2008,National,West,Arizona Diamondbacks,82,-8,80,0,0.506,2.0,"66,202,713",0.27148
2007,National,West,Arizona Diamondbacks,90,14,72,0,0.556,0.0,"52,067,546",-0.12762
2006,National,West,Arizona Diamondbacks,76,-1,86,0,0.469,12.0,"59,684,226",-0.04244
2005,National,West,Arizona Diamondbacks,77,26,85,0,0.475,5.0,"62,329,166",-0.11218
2004,National,West,Arizona Diamondbacks,51,-33,111,0,0.315,42.0,"70,204,984",-0.12941
2003,National,West,Arizona Diamondbacks,84,-14,78,0,0.519,16.0,"80,640,333",-0.21571
2002,National,West,Arizona Diamondbacks,98,6,64,0,0.605,0.0,"102,820,000",0.26615
2001,National,West,Arizona Diamondbacks,92,7,70,0,0.568,0.0,"81,206,513",0.00221
2000,National,West,Arizona Diamondbacks,85,-15,77,0,0.525,12.0,"81,027,333",0.15676
1999,National,West,Arizona Diamondbacks,100,0,62,0,0.617,0.0,"70,046,818",0.00000
2019,National,East,Atlanta Braves,97,7,65,0,0.599,0.0,"113,778,369",0.36579
2018,National,East,Atlanta Braves,90,18,72,0,0.556,0.0,"83,306,041",-0.39343
2017,National,East,Atlanta Braves,72,4,90,0,0.444,24.0,"137,339,527",1.27561
2016,National,East,Atlanta Braves,68,1,93,0,0.422,26.5,"60,352,791",-0.25717
2015,National,East,Atlanta Braves,67,-12,95,0,0.414,23.0,"81,247,648",-0.26736
2014,National,East,Atlanta Braves,79,-17,83,0,0.488,17.0,"110,897,341",0.50674
2013,National,East,Atlanta Braves,96,2,66,0,0.593,0.0,"73,600,692",-0.11654
2012,National,East,Atlanta Braves,94,5,68,0,0.580,4.0,"83,309,942",-0.04244
2011,National,East,Atlanta Braves,89,-2,73,0,0.549,13.0,"87,002,692",0.03055
2010,National,East,Atlanta Braves,91,5,71,0,0.562,6.0,"84,423,667",-0.12719
2009,National,East,Atlanta Braves,86,14,76,0,0.531,7.0,"96,726,166",-0.05563
2008,National,East,Atlanta Braves,72,-12,90,0,0.444,20.0,"102,424,018",0.17337
2007,National,East,Atlanta Braves,84,5,78,0,0.519,5.0,"87,290,833",-0.03179
2006,National,East,Atlanta Braves,79,-11,83,0,0.488,18.0,"90,156,876",0.04279
2005,National,East,Atlanta Braves,90,-6,72,0,0.556,0.0,"86,457,302",-0.02317
2004,National,East,Atlanta Braves,96,-5,66,0,0.593,0.0,"88,507,788",-0.16694
2003,National,East,Atlanta Braves,101,0,61,0,0.623,0.0,"106,243,667",0.13666
2002,National,East,Atlanta Braves,101,13,59,0,0.631,0.0,"93,470,367",0.01762
2001,National,East,Atlanta Braves,88,-7,74,0,0.543,0.0,"91,851,587",0.08651
2000,National,East,Atlanta Braves,95,-8,67,0,0.586,0.0,"84,537,836",0.06663
1999,National,East,Atlanta Braves,103,0,59,0,0.636,0.0,"79,256,599",0.00000
2019,American,East,Baltimore Orioles,54,7,108,0,0.333,49.0,"72,722,906",-0.50916
2018,American,East,Baltimore Orioles,47,-28,115,0,0.290,61.0,"148,160,873",0.07578
2017,American,East,Baltimore Orioles,75,-14,87,0,0.463,18.0,"137,724,237",0.03300
2016,American,East,Baltimore Orioles,89,8,73,0,0.549,4.0,"133,324,358",0.27732
2015,American,East,Baltimore Orioles,81,-15,81,0,0.500,12.0,"104,378,208",-0.02820
2014,American,East,Baltimore Orioles,96,11,66,0,0.593,0.0,"107,406,623",0.31565
2013,American,East,Baltimore Orioles,85,-8,77,0,0.525,12.0,"81,637,464",0.00256
2012,American,East,Baltimore Orioles,93,24,69,0,0.574,2.0,"81,428,999",-0.04543
2011,American,East,Baltimore Orioles,69,3,93,0,0.426,28.0,"85,304,038",0.04523
2010,American,East,Baltimore Orioles,66,2,96,0,0.407,30.0,"81,612,500",0.21625
2009,American,East,Baltimore Orioles,64,-4,98,0,0.395,39.0,"67,101,666",-0.00141
2008,American,East,Baltimore Orioles,68,-1,93,0,0.422,28.0,"67,196,248",-0.28174
2007,American,East,Baltimore Orioles,69,-1,93,0,0.426,27.0,"93,554,808",0.28889
2006,American,East,Baltimore Orioles,70,-4,92,0,0.432,27.0,"72,585,582",-0.01798
2005,American,East,Baltimore Orioles,74,-4,88,0,0.457,21.0,"73,914,333",0.44328
2004,American,East,Baltimore Orioles,78,7,84,0,0.481,23.0,"51,212,653",-0.30679
2003,American,East,Baltimore Orioles,71,4,91,1,0.438,30.0,"73,877,500",0.22125
2002,American,East,Baltimore Orioles,67,4,95,0,0.414,36.0,"60,493,487",-0.16476
2001,American,East,Baltimore Orioles,63,-11,98,0,0.391,32.0,"72,426,328",-0.11076
2000,American,East,Baltimore Orioles,74,-4,88,0,0.457,13.0,"81,447,435",0.07958
1999,American,East,Baltimore Orioles,78,0,84,0,0.481,20.0,"75,443,363",0.00000
2019,American,East,Boston Red Sox,84,-24,78,0,0.519,19.0,"222,171,123",0.07721
2018,American,East,Boston Red Sox,108,15,54,0,0.667,0.0,"206,247,686",0.18735
2017,American,East,Boston Red Sox,93,0,69,0,0.574,0.0,"173,704,598",0.08156
2016,American,East,Boston Red Sox,93,15,69,0,0.574,0.0,"160,606,261",0.09633
2015,American,East,Boston Red Sox,78,7,84,0,0.481,15.0,"146,494,748",-0.10025
2014,American,East,Boston Red Sox,71,-26,91,0,0.438,25.0,"162,817,411",0.04022
2013,American,East,Boston Red Sox,97,28,65,0,0.599,0.0,"156,522,142",-0.09622
2012,American,East,Boston Red Sox,69,-21,93,0,0.426,26.0,"173,186,617",0.07062
2011,American,East,Boston Red Sox,90,1,72,0,0.556,7.0,"161,762,475",-0.00605
2010,American,East,Boston Red Sox,89,-6,73,0,0.549,7.0,"162,747,333",0.33678
2009,American,East,Boston Red Sox,95,0,67,0,0.586,8.0,"121,745,999",-0.08764
2008,American,East,Boston Red Sox,95,-1,67,0,0.586,2.0,"133,440,037",-0.06702
2007,American,East,Boston Red Sox,96,10,66,0,0.593,0.0,"143,026,214",0.19089
2006,American,East,Boston Red Sox,86,-9,76,0,0.531,11.0,"120,099,824",-0.02757
2005,American,East,Boston Red Sox,95,-3,67,0,0.586,0.0,"123,505,125",-0.01360
2004,American,East,Boston Red Sox,98,3,64,0,0.605,3.0,"125,208,542",0.25276
2003,American,East,Boston Red Sox,95,2,67,0,0.586,6.0,"99,946,500",-0.07770
2002,American,East,Boston Red Sox,93,11,69,0,0.574,10.0,"108,366,060",-0.01089
2001,American,East,Boston Red Sox,82,-3,79,0,0.509,13.0,"109,558,908",0.40568
2000,American,East,Boston Red Sox,85,-9,77,0,0.525,2.0,"77,940,333",0.07756
1999,American,East,Boston Red Sox,94,0,68,0,0.580,4.0,"72,330,656",0.00000
2019,National,Central,Chicago Cubs,84,-11,78,0,0.519,7.0,"210,358,488",0.19992
2018,National,Central,Chicago Cubs,95,3,68,0,0.583,1.0,"175,310,002",0.04188
2017,National,Central,Chicago Cubs,92,-11,70,0,0.568,0.0,"168,263,502",-0.02657
2016,National,Central,Chicago Cubs,103,6,58,0,0.640,0.0,"172,855,456",0.48673
2015,National,Central,Chicago Cubs,97,24,65,0,0.599,3.0,"116,265,880",0.30624
2014,National,Central,Chicago Cubs,73,7,89,0,0.451,17.0,"89,007,857",-0.13966
2013,National,Central,Chicago Cubs,66,5,96,0,0.407,31.0,"103,456,533",0.17302
2012,National,Central,Chicago Cubs,61,-10,101,0,0.377,36.0,"88,197,033",-0.29469
2011,National,Central,Chicago Cubs,71,-4,91,0,0.438,25.0,"125,047,329",-0.14852
2010,National,Central,Chicago Cubs,75,-8,87,0,0.463,16.0,"146,859,000",0.08939
2009,National,Central,Chicago Cubs,83,-14,78,0,0.516,7.0,"134,809,000",0.13671
2008,National,Central,Chicago Cubs,97,12,64,0,0.602,0.0,"118,595,833",0.18988
2007,National,Central,Chicago Cubs,85,19,77,0,0.525,0.0,"99,670,332",0.05556
2006,National,Central,Chicago Cubs,66,-13,96,0,0.407,17.0,"94,424,499",0.08493
2005,National,Central,Chicago Cubs,79,-10,83,0,0.488,21.0,"87,032,933",-0.04466
2004,National,Central,Chicago Cubs,89,1,73,0,0.549,16.0,"91,101,667",0.14065
2003,National,Central,Chicago Cubs,88,21,74,0,0.543,0.0,"79,868,333",0.05519
2002,National,Central,Chicago Cubs,67,-21,95,0,0.414,30.0,"75,690,833",0.18238
2001,National,Central,Chicago Cubs,88,23,74,0,0.543,5.0,"64,015,833",0.05743
2000,National,Central,Chicago Cubs,65,-2,97,0,0.401,30.0,"60,539,333",0.09238
1999,National,Central,Chicago Cubs,67,0,95,0,0.414,30.0,"55,419,648",0.00000
2019,American,Central,Chicago White Sox,72,10,89,0,0.447,28.5,"89,354,534",0.03840
2018,American,Central,Chicago White Sox,62,-5,100,0,0.383,29.0,"86,050,333",-0.11411
2017,American,Central,Chicago White Sox,67,-11,95,0,0.414,35.0,"97,134,500",-0.00382
2016,American,Central,Chicago White Sox,78,2,84,0,0.481,16.5,"97,507,000",0.07581
2015,American,Central,Chicago White Sox,76,3,86,0,0.469,19.0,"90,636,200",-0.00574
2014,American,Central,Chicago White Sox,73,10,89,0,0.451,17.0,"91,159,254",-0.22113
2013,American,Central,Chicago White Sox,63,-22,99,0,0.389,30.0,"117,040,777",0.20761
2012,American,Central,Chicago White Sox,85,6,77,0,0.525,3.0,"96,919,500",-0.24157
2011,American,Central,Chicago White Sox,79,-9,83,0,0.488,16.0,"127,789,000",0.18025
2010,American,Central,Chicago White Sox,88,9,74,0,0.543,6.0,"108,273,197",0.12704
2009,American,Central,Chicago White Sox,79,-10,83,0,0.488,7.0,"96,068,500",-0.20705
2008,American,Central,Chicago White Sox,89,17,74,0,0.546,0.0,"121,152,667",0.11485
2007,American,Central,Chicago White Sox,72,-18,90,0,0.444,24.0,"108,671,833",0.05763
2006,American,Central,Chicago White Sox,90,-9,72,0,0.556,6.0,"102,750,667",0.36677
2005,American,Central,Chicago White Sox,99,16,63,0,0.611,0.0,"75,178,000",-0.01357
2004,American,Central,Chicago White Sox,83,-3,79,0,0.512,9.0,"76,212,500",0.49407
2003,American,Central,Chicago White Sox,86,5,76,0,0.531,4.0,"51,010,000",-0.10592
2002,American,Central,Chicago White Sox,81,-2,81,0,0.500,13.0,"57,052,833",-0.08515
2001,American,Central,Chicago White Sox,83,-12,79,0,0.512,8.0,"62,363,000",1.00308
2000,American,Central,Chicago White Sox,95,20,67,0,0.586,0.0,"31,133,500",0.26894
1999,American,Central,Chicago White Sox,75,0,86,0,0.466,21.0,"24,535,000",0.00000
2019,National,Central,Cincinnati Reds,75,8,87,0,0.463,16.0,"126,423,214",0.30769
2018,National,Central,Cincinnati Reds,67,-1,95,0,0.414,28.5,"96,676,785",0.18128
2017,National,Central,Cincinnati Reds,68,0,94,0,0.420,24.0,"81,840,785",-0.09020
2016,National,Central,Cincinnati Reds,68,4,94,0,0.420,35.5,"89,955,059",-0.22939
2015,National,Central,Cincinnati Reds,64,-12,98,0,0.395,36.0,"116,732,284",0.03863
2014,National,Central,Cincinnati Reds,76,-14,86,0,0.469,14.0,"112,390,772",0.24843
2013,National,Central,Cincinnati Reds,90,-7,72,0,0.556,7.0,"90,025,772",0.09516
2012,National,Central,Cincinnati Reds,97,18,65,0,0.599,0.0,"82,203,616",0.08238
2011,National,Central,Cincinnati Reds,79,-12,83,0,0.488,17.0,"75,947,134",0.04919
2010,National,Central,Cincinnati Reds,91,13,71,0,0.562,0.0,"72,386,544",-0.01593
2009,National,Central,Cincinnati Reds,78,4,84,0,0.481,13.0,"73,558,500",-0.00968
2008,National,Central,Cincinnati Reds,74,2,88,0,0.457,23.0,"74,277,685",0.07797
2007,National,Central,Cincinnati Reds,72,-8,90,0,0.444,13.0,"68,904,980",0.13127
2006,National,Central,Cincinnati Reds,80,7,82,0,0.494,3.0,"60,909,519",-0.01588
2005,National,Central,Cincinnati Reds,73,-3,89,0,0.451,27.0,"61,892,583",0.43709
2004,National,Central,Cincinnati Reds,76,7,86,0,0.469,29.0,"43,067,858",-0.27441
2003,National,Central,Cincinnati Reds,69,-9,93,0,0.426,19.0,"59,355,667",0.31754
2002,National,Central,Cincinnati Reds,78,12,84,0,0.481,19.0,"45,050,390",-0.00392
2001,National,Central,Cincinnati Reds,66,-19,96,0,0.407,27.0,"45,227,882",-0.03498
2000,National,Central,Cincinnati Reds,85,-11,77,0,0.525,10.0,"46,867,200",0.23233
1999,National,Central,Cincinnati Reds,96,0,67,0,0.589,1.0,"38,031,285",0.00000
2019,American,Central,Cleveland Indians,93,2,69,0,0.574,8.0,"119,241,701",-0.12741
2018,American,Central,Cleveland Indians,91,-11,71,0,0.562,0.0,"136,652,167",0.43971
2017,American,Central,Cleveland Indians,102,8,60,0,0.630,0.0,"94,916,167",0.63146
2016,American,Central,Cleveland Indians,94,13,67,0,0.584,0.0,"58,178,567",-0.31341
2015,American,Central,Cleveland Indians,81,-4,80,0,0.503,13.0,"84,735,667",0.02667
2014,American,Central,Cleveland Indians,85,-7,77,0,0.525,5.0,"82,534,800",0.19141
2013,American,Central,Cleveland Indians,92,24,70,0,0.568,1.0,"69,274,900",-0.11673
2012,American,Central,Cleveland Indians,68,-12,94,0,0.420,20.0,"78,430,300",0.59442
2011,American,Central,Cleveland Indians,80,11,82,0,0.494,15.0,"49,190,566",-0.19628
2010,American,Central,Cleveland Indians,69,4,93,0,0.426,25.0,"61,203,967",-0.24976
2009,American,Central,Cleveland Indians,65,-16,97,0,0.401,21.0,"81,579,166",0.03304
2008,American,Central,Cleveland Indians,81,-15,81,0,0.500,7.0,"78,970,067",0.28046
2007,American,Central,Cleveland Indians,96,18,66,0,0.593,0.0,"61,673,267",0.10069
2006,American,Central,Cleveland Indians,78,-15,84,0,0.481,18.0,"56,031,500",0.35008
2005,American,Central,Cleveland Indians,93,13,69,0,0.574,6.0,"41,502,500",0.20056
2004,American,Central,Cleveland Indians,80,12,82,0,0.494,12.0,"34,569,300",-0.28848
2003,American,Central,Cleveland Indians,68,-6,94,0,0.420,22.0,"48,584,834",-0.38430
2002,American,Central,Cleveland Indians,74,-17,88,0,0.457,20.0,"78,909,448",-0.14206
2001,American,Central,Cleveland Indians,91,1,71,0,0.562,0.0,"91,974,979",0.21210
2000,American,Central,Cleveland Indians,90,-7,72,0,0.556,5.0,"75,880,971",0.03195
1999,American,Central,Cleveland Indians,97,0,65,0,0.599,0.0,"73,531,692",0.00000
2019,National,West,Colorado Rockies,71,-20,91,0,0.438,35.0,"147,433,009",0.42684
2018,National,West,Colorado Rockies,91,4,72,0,0.558,1.0,"103,328,498",0.10737
2017,National,West,Colorado Rockies,87,12,75,0,0.537,17.0,"93,309,904",0.08950
2016,National,West,Colorado Rockies,75,7,87,0,0.463,16.0,"85,645,071",-0.12839
2015,National,West,Colorado Rockies,68,2,94,0,0.420,24.0,"98,261,171",0.02535
2014,National,West,Colorado Rockies,66,-8,96,0,0.407,28.0,"95,832,071",0.49090
2013,National,West,Colorado Rockies,74,10,88,0,0.457,18.0,"64,278,071",-0.17666
2012,National,West,Colorado Rockies,64,-9,98,0,0.395,30.0,"78,069,571",-0.11434
2011,National,West,Colorado Rockies,73,-10,89,0,0.451,21.0,"88,148,071",0.04655
2010,National,West,Colorado Rockies,83,-9,79,0,0.512,9.0,"84,227,000",0.12002
2009,National,West,Colorado Rockies,92,18,70,0,0.568,3.0,"75,201,000",0.09534
2008,National,West,Colorado Rockies,74,-16,88,0,0.457,10.0,"68,655,500",0.26149
2007,National,West,Colorado Rockies,90,14,73,0,0.552,0.0,"54,424,000",0.31991
2006,National,West,Colorado Rockies,76,9,86,0,0.469,12.0,"41,233,000",-0.14374
2005,National,West,Colorado Rockies,67,-1,95,0,0.414,15.0,"48,155,000",-0.25446
2004,National,West,Colorado Rockies,68,-6,94,0,0.420,25.0,"64,590,403",-0.03854
2003,National,West,Colorado Rockies,74,1,88,0,0.457,26.0,"67,179,667",0.18168
2002,National,West,Colorado Rockies,73,0,89,0,0.451,25.0,"56,851,043",-0.20005
2001,National,West,Colorado Rockies,73,-9,89,0,0.451,19.0,"71,068,000",0.16293
2000,National,West,Colorado Rockies,82,10,80,0,0.506,15.0,"61,111,190",0.12404
1999,National,West,Colorado Rockies,72,0,90,0,0.444,28.0,"54,367,504",0.00000
2019,American,Central,Detroit Tigers,47,-17,114,0,0.292,53.5,"116,478,400",0.04666
2018,American,Central,Detroit Tigers,64,0,98,0,0.395,27.0,"111,286,000",-0.38260
2017,American,Central,Detroit Tigers,64,-22,98,0,0.395,38.0,"180,250,600",-0.00335
2016,American,Central,Detroit Tigers,86,12,75,0,0.534,8.0,"180,855,981",0.04977
2015,American,Central,Detroit Tigers,74,-16,87,0,0.460,20.0,"172,282,250",0.06197
2014,American,Central,Detroit Tigers,90,-3,72,0,0.556,0.0,"162,228,527",0.07138
2013,American,Central,Detroit Tigers,93,5,69,0,0.574,0.0,"151,420,000",0.14452
2012,American,Central,Detroit Tigers,88,-7,74,0,0.543,0.0,"132,300,000",0.25165
2011,American,Central,Detroit Tigers,95,14,67,0,0.586,0.0,"105,700,231",-0.13970
2010,American,Central,Detroit Tigers,81,-5,81,0,0.500,13.0,"122,864,929",0.06760
2009,American,Central,Detroit Tigers,86,12,77,0,0.528,1.0,"115,085,145",-0.17017
2008,American,Central,Detroit Tigers,74,-14,88,0,0.457,14.0,"138,685,197",0.45708
2007,American,Central,Detroit Tigers,88,-7,74,0,0.543,8.0,"95,180,369",0.15213
2006,American,Central,Detroit Tigers,95,24,67,0,0.586,1.0,"82,612,866",0.19569
2005,American,Central,Detroit Tigers,71,-1,91,0,0.438,28.0,"69,092,000",0.49054
2004,American,Central,Detroit Tigers,72,29,90,0,0.444,20.0,"46,353,554",-0.05724
2003,American,Central,Detroit Tigers,43,-12,119,0,0.265,47.0,"49,168,000",-0.10682
2002,American,Central,Detroit Tigers,55,-11,106,0,0.342,39.0,"55,048,000",0.10469
2001,American,Central,Detroit Tigers,66,-13,96,0,0.407,25.0,"49,831,167",-0.14475
2000,American,Central,Detroit Tigers,79,10,83,0,0.488,16.0,"58,265,167",0.57667
1999,American,Central,Detroit Tigers,69,0,92,0,0.429,27.0,"36,954,666",0.00000
2019,American,West,Houston Astros,107,4,55,0,0.660,0.0,"160,774,666",-0.06547
2018,American,West,Houston Astros,103,2,59,0,0.636,0.0,"172,038,900",0.34992
2017,American,West,Houston Astros,101,17,61,0,0.623,0.0,"127,443,900",0.38686
2016,American,West,Houston Astros,84,-2,78,0,0.519,11.0,"91,893,700",0.44568
2015,American,West,Houston Astros,86,16,76,0,0.531,2.0,"63,564,200",0.42699
2014,American,West,Houston Astros,70,19,92,0,0.432,28.0,"44,544,174",1.36620
2013,American,West,Houston Astros,51,-4,111,0,0.315,45.0,"18,825,200",-0.68961
2012,National,Central,Houston Astros,55,-1,107,0,0.340,42.0,"60,651,000",-0.14206
2011,National,Central,Houston Astros,56,-20,106,0,0.346,40.0,"70,694,000",-0.23454
2010,National,Central,Houston Astros,76,2,86,0,0.469,15.0,"92,355,500",-0.10331
2009,National,Central,Houston Astros,74,-12,88,0,0.457,17.0,"102,996,414",0.15817
2008,National,Central,Houston Astros,86,13,75,0,0.534,11.0,"88,930,415",0.01335
2007,National,Central,Houston Astros,73,-9,89,0,0.451,12.0,"87,759,000",-0.05178
2006,National,Central,Houston Astros,82,-7,80,0,0.506,1.0,"92,551,503",0.20543
2005,National,Central,Houston Astros,89,-3,73,0,0.549,11.0,"76,779,000",0.02830
2004,National,Central,Houston Astros,92,5,70,0,0.568,13.0,"74,666,303",0.05105
2003,National,Central,Houston Astros,87,3,75,0,0.537,1.0,"71,040,000",0.11965
2002,National,Central,Houston Astros,84,-9,78,0,0.519,13.0,"63,448,417",0.05077
2001,National,Central,Houston Astros,93,21,69,0,0.574,0.0,"60,382,667",0.17730
2000,National,Central,Houston Astros,72,-25,90,0,0.444,23.0,"51,289,111",-0.09044
1999,National,Central,Houston Astros,97,0,65,0,0.599,0.0,"56,389,000",-0.43980
2019,American,Central,Kansas City Royals,59,1,103,0,0.364,42.0,"100,658,316",-0.12837
2018,American,Central,Kansas City Royals,58,-22,104,0,0.358,33.0,"115,483,116",-0.14091
2017,American,Central,Kansas City Royals,80,-1,82,0,0.494,22.0,"134,425,249",0.19361
2016,American,Central,Kansas City Royals,81,-14,81,0,0.500,13.5,"112,620,458",0.06081
2015,American,Central,Kansas City Royals,95,6,67,0,0.586,0.0,"106,164,525",0.15353
2014,American,Central,Kansas City Royals,89,3,73,0,0.549,1.0,"92,034,345",0.23006
2013,American,Central,Kansas City Royals,86,14,76,0,0.531,7.0,"74,821,300",0.22827
2012,American,Central,Kansas City Royals,72,1,90,0,0.444,16.0,"60,916,225",0.68622
2011,American,Central,Kansas City Royals,71,4,91,0,0.438,24.0,"36,126,000",-0.50011
2010,American,Central,Kansas City Royals,67,2,95,0,0.414,27.0,"72,267,710",0.02479
2009,American,Central,Kansas City Royals,65,-10,97,0,0.401,21.0,"70,519,333",0.21073
2008,American,Central,Kansas City Royals,75,6,87,0,0.463,13.0,"58,245,500",-0.13217
2007,American,Central,Kansas City Royals,69,7,93,0,0.426,27.0,"67,116,500",0.41913
2006,American,Central,Kansas City Royals,62,6,100,0,0.383,34.0,"47,294,000",0.28234
2005,American,Central,Kansas City Royals,56,-2,106,0,0.346,43.0,"36,881,000",-0.22534
2004,American,Central,Kansas City Royals,58,-25,104,0,0.358,34.0,"47,609,000",0.17501
2003,American,Central,Kansas City Royals,83,21,79,0,0.512,7.0,"40,518,000",-0.14260
2002,American,Central,Kansas City Royals,62,-3,100,0,0.383,32.0,"47,257,000",0.32584
2001,American,Central,Kansas City Royals,65,-12,97,0,0.401,26.0,"35,643,000",0.52106
2000,American,Central,Kansas City Royals,77,13,85,0,0.475,18.0,"23,433,000",0.41529
1999,American,Central,Kansas City Royals,64,0,97,0,0.398,32.0,"16,557,000",-0.89612
2019,American,West,Los Angeles Angels,72,-8,90,0,0.444,35.0,"159,378,583",-0.06931
2018,American,West,Los Angeles Angels,80,0,82,0,0.494,23.0,"171,248,332",0.38607
2017,American,West,Los Angeles Angels,80,6,82,0,0.494,21.0,"123,549,166",-0.04412
2016,American,West,Los Angeles Angels,74,-11,88,0,0.457,21.0,"129,251,333",-0.07313
2015,American,West,Los Angeles Angels,85,-13,77,0,0.525,3.0,"139,449,583",-0.10432
2014,American,West,Los Angeles Angels,98,20,64,0,0.605,0.0,"155,692,000",0.21733
2013,American,West,Los Angeles Angels,78,-11,84,0,0.481,18.0,"127,896,250",-0.17211
2012,American,West,Los Angeles Angels,89,3,73,0,0.549,5.0,"154,485,166",0.11507
2011,American,West,Los Angeles Angels,86,6,76,0,0.531,10.0,"138,543,166",0.31929
2010,American,West,Los Angeles Angels,80,-17,82,0,0.494,10.0,"105,013,667",-0.07647
2009,American,West,Los Angeles Angels,97,-3,65,0,0.599,0.0,"113,709,000",-0.04620
2008,American,West,Los Angeles Angels,100,6,62,0,0.617,0.0,"119,216,333",0.09121
2007,American,West,Los Angeles Angels,94,5,68,0,0.580,0.0,"109,251,333",0.05585
2006,American,West,Los Angeles Angels,89,-6,73,0,0.549,4.0,"103,472,000",0.05880
2005,American,West,Los Angeles Angels,95,3,67,0,0.586,0.0,"97,725,322",-0.03323
2004,American,West,Los Angeles Angels,92,15,70,0,0.568,0.0,"101,084,667",0.27904
2003,American,West,Los Angeles Angels,77,-22,85,0,0.475,19.0,"79,031,667",0.28045
2002,American,West,Los Angeles Angels,99,24,63,0,0.611,4.0,"61,721,667",0.32540
2001,American,West,Los Angeles Angels,75,-7,87,0,0.463,41.0,"46,568,180",-0.09513
2000,American,West,Los Angeles Angels,82,12,80,0,0.506,9.0,"51,464,167",0.00241
1999,American,West,Los Angeles Angels,70,0,92,0,0.432,25.0,"51,340,257",-0.73903
2019,National,West,Los Angeles Dodgers,106,14,56,0,0.654,0.0,"196,729,548",0.24910
2018,National,West,Los Angeles Dodgers,92,-12,71,0,0.564,0.0,"157,496,785",-0.07024
2017,National,West,Los Angeles Dodgers,104,13,58,0,0.642,0.0,"169,394,811",-0.02831
2016,National,West,Los Angeles Dodgers,91,-1,71,0,0.562,0.0,"174,330,522",-0.01500
2015,National,West,Los Angeles Dodgers,92,-2,70,0,0.568,0.0,"176,985,260",-0.24782
2014,National,West,Los Angeles Dodgers,94,2,68,0,0.580,0.0,"235,295,219",0.37559
2013,National,West,Los Angeles Dodgers,92,6,70,0,0.568,0.0,"171,050,552",0.79782
2012,National,West,Los Angeles Dodgers,86,4,76,0,0.531,8.0,"95,143,575",-0.08682
2011,National,West,Los Angeles Dodgers,82,2,79,0,0.509,11.0,"104,188,999",0.09736
2010,National,West,Los Angeles Dodgers,80,-15,82,0,0.494,12.0,"94,945,517",-0.05446
2009,National,West,Los Angeles Dodgers,95,11,67,0,0.586,0.0,"100,414,592",-0.15288
2008,National,West,Los Angeles Dodgers,84,2,78,0,0.519,0.0,"118,536,038",0.09296
2007,National,West,Los Angeles Dodgers,82,-6,80,0,0.506,8.0,"108,454,524",0.10165
2006,National,West,Los Angeles Dodgers,88,17,74,0,0.543,0.0,"98,447,187",0.18555
2005,National,West,Los Angeles Dodgers,71,-22,91,0,0.438,11.0,"83,039,000",-0.07420
2004,National,West,Los Angeles Dodgers,93,8,69,0,0.574,0.0,"89,694,167",-0.15281
2003,National,West,Los Angeles Dodgers,85,-7,77,0,0.525,15.0,"105,872,620",0.11620
2002,National,West,Los Angeles Dodgers,92,6,70,0,0.568,6.0,"94,850,952",-0.12966
2001,National,West,Los Angeles Dodgers,86,0,76,0,0.531,6.0,"108,980,952",0.23667
2000,National,West,Los Angeles Dodgers,86,9,76,0,0.531,11.0,"88,124,286",0.15034
1999,National,West,Los Angeles Dodgers,77,0,85,0,0.475,23.0,"76,607,247",0.05739
2019,National,East,Miami Marlins,57,-6,105,0,0.352,40.0,"72,449,404",-0.15602
2018,National,East,Miami Marlins,63,-14,98,0,0.391,26.5,"85,843,000",-0.16743
2017,National,East,Miami Marlins,77,-2,85,0,0.475,20.0,"103,106,100",0.50378
2016,National,East,Miami Marlins,79,8,82,0,0.491,15.5,"68,564,500",-0.18362
2015,National,East,Miami Marlins,71,-6,91,0,0.438,19.0,"83,986,500",0.76571
2014,National,East,Miami Marlins,77,15,85,0,0.475,19.0,"47,565,400",0.32653
2013,National,East,Miami Marlins,62,-7,100,0,0.383,34.0,"35,857,000",-0.69633
2012,National,East,Miami Marlins,69,-3,93,0,0.426,29.0,"118,078,000",1.07358
2011,National,East,Miami Marlins,72,-8,90,0,0.444,30.0,"56,944,000",0.02341
2010,National,East,Miami Marlins,80,-7,82,0,0.494,17.0,"55,641,500",0.51060
2009,National,East,Miami Marlins,87,3,75,0,0.537,6.0,"36,834,000",0.68681
2008,National,East,Miami Marlins,84,13,77,0,0.522,7.0,"21,836,500",-0.28421
2007,National,East,Miami Marlins,71,-7,91,0,0.438,18.0,"30,507,000",1.03400
2006,National,East,Miami Marlins,78,-5,84,0,0.481,19.0,"14,998,500",-0.75172
2005,National,East,Miami Marlins,83,0,79,0,0.512,7.0,"60,408,823",0.43427
2004,National,East,Miami Marlins,83,-8,79,0,0.512,13.0,"42,118,042",-0.14132
2003,National,East,Miami Marlins,91,12,71,0,0.562,10.0,"49,050,000",0.16842
2002,National,East,Miami Marlins,79,3,83,0,0.488,23.0,"41,979,917",0.18239
2001,National,East,Miami Marlins,76,-3,86,0,0.469,12.0,"35,504,167",0.76884
2000,National,East,Miami Marlins,79,15,82,0,0.491,15.0,"20,072,000",0.37010
1999,National,East,Miami Marlins,64,0,98,0,0.395,39.0,"14,650,000",0.00000
2019,National,Central,Milwaukee Brewers,89,-7,73,0,0.549,2.0,"124,755,400",0.48823
2018,National,Central,Milwaukee Brewers,96,10,67,0,0.589,0.0,"83,827,856",0.70576
2017,National,Central,Milwaukee Brewers,86,13,76,0,0.531,6.0,"49,143,998",-0.13893
2016,National,Central,Milwaukee Brewers,73,5,89,0,0.451,30.5,"57,073,313",-0.33999
2015,National,Central,Milwaukee Brewers,68,-14,94,0,0.420,32.0,"86,473,611",-0.16728
2014,National,Central,Milwaukee Brewers,82,8,80,0,0.506,8.0,"103,844,806",0.46480
2013,National,Central,Milwaukee Brewers,74,-9,88,0,0.457,23.0,"70,893,444",-0.27403
2012,National,Central,Milwaukee Brewers,83,-13,79,0,0.512,14.0,"97,653,944",0.14219
2011,National,Central,Milwaukee Brewers,96,19,66,0,0.593,0.0,"85,497,333",0.05411
2010,National,Central,Milwaukee Brewers,77,-3,85,0,0.475,14.0,"81,108,279",0.01155
2009,National,Central,Milwaukee Brewers,80,-10,82,0,0.494,11.0,"80,182,502",-0.01014
2008,National,Central,Milwaukee Brewers,90,7,72,0,0.556,7.0,"81,004,167",0.14112
2007,National,Central,Milwaukee Brewers,83,8,79,0,0.512,2.0,"70,986,500",0.23308
2006,National,Central,Milwaukee Brewers,75,-6,87,0,0.463,8.0,"57,568,333",0.44156
2005,National,Central,Milwaukee Brewers,81,14,81,0,0.500,19.0,"39,934,833",0.45120
2004,National,Central,Milwaukee Brewers,67,-1,94,0,0.416,37.0,"27,518,500",-0.32265
2003,National,Central,Milwaukee Brewers,68,12,94,0,0.420,20.0,"40,627,000",-0.19211
2002,National,Central,Milwaukee Brewers,56,-12,106,0,0.346,41.0,"50,287,833",0.16706
2001,National,Central,Milwaukee Brewers,68,-5,94,0,0.420,25.0,"43,089,333",0.18036
2000,National,Central,Milwaukee Brewers,73,-1,89,0,0.451,22.0,"36,505,333",-0.15058
1999,National,Central,Milwaukee Brewers,74,0,87,0,0.460,22.0,"42,976,575",0.00000
2019,American,Central,Minnesota Twins,101,23,61,0,0.623,0.0,"121,276,933",-0.06393
2018,American,Central,Minnesota Twins,78,-7,84,0,0.481,13.0,"129,560,000",0.37410
2017,American,Central,Minnesota Twins,85,26,77,0,0.525,17.0,"94,287,500",-0.02073
2016,American,Central,Minnesota Twins,59,-24,103,0,0.364,35.5,"96,283,200",-0.06607
2015,American,Central,Minnesota Twins,83,13,79,0,0.512,12.0,"103,095,000",0.20190
2014,American,Central,Minnesota Twins,70,4,92,0,0.432,20.0,"85,776,500",0.22924
2013,American,Central,Minnesota Twins,66,0,96,0,0.407,27.0,"69,780,000",-0.25833
2012,American,Central,Minnesota Twins,66,3,96,0,0.407,22.0,"94,085,000",-0.16545
2011,American,Central,Minnesota Twins,63,-31,99,0,0.389,32.0,"112,737,000",0.15558
2010,American,Central,Minnesota Twins,94,7,68,0,0.580,0.0,"97,559,167",0.49403
2009,American,Central,Minnesota Twins,87,-1,76,0,0.534,0.0,"65,299,266",0.05012
2008,American,Central,Minnesota Twins,88,9,75,0,0.540,1.0,"62,182,767",-0.12957
2007,American,Central,Minnesota Twins,79,-17,83,0,0.488,17.0,"71,439,500",0.12688
2006,American,Central,Minnesota Twins,96,13,66,0,0.593,0.0,"63,396,006",0.12832
2005,American,Central,Minnesota Twins,83,-9,79,0,0.512,16.0,"56,186,000",0.04854
2004,American,Central,Minnesota Twins,92,2,70,0,0.568,0.0,"53,585,000",-0.03459
2003,American,Central,Minnesota Twins,90,-4,72,0,0.556,0.0,"55,505,000",0.37986
2002,American,Central,Minnesota Twins,94,9,67,0,0.584,0.0,"40,225,000",0.65195
2001,American,Central,Minnesota Twins,85,16,77,0,0.525,6.0,"24,350,000",0.47402
2000,American,Central,Minnesota Twins,69,6,93,0,0.426,26.0,"16,519,500",0.04257
1999,American,Central,Minnesota Twins,63,0,97,0,0.394,33.0,"15,845,000",0.00000
2019,National,East,New York Mets,86,9,76,0,0.531,11.0,"158,999,270",-0.04368
2018,National,East,New York Mets,77,7,85,0,0.475,13.0,"166,261,459",-0.02137
2017,National,East,New York Mets,70,-17,92,0,0.432,27.0,"169,891,596",0.30359
2016,National,East,New York Mets,87,-3,75,0,0.537,8.0,"130,326,379",0.42431
2015,National,East,New York Mets,90,11,72,0,0.556,0.0,"91,501,507",0.02751
2014,National,East,New York Mets,79,5,83,0,0.488,17.0,"89,051,758",0.30292
2013,National,East,New York Mets,74,0,88,0,0.457,22.0,"68,347,948",-0.26786
2012,National,East,New York Mets,74,-3,88,0,0.457,24.0,"93,353,983",-0.21450
2011,National,East,New York Mets,77,-2,85,0,0.475,25.0,"118,847,309",-0.10440
2010,National,East,New York Mets,79,9,83,0,0.488,18.0,"132,701,445",-0.11162
2009,National,East,New York Mets,70,-19,92,0,0.432,23.0,"149,373,987",0.08012
2008,National,East,New York Mets,89,1,73,0,0.549,3.0,"138,293,378",0.20013
2007,National,East,New York Mets,88,-9,74,0,0.543,1.0,"115,231,663",0.13995
2006,National,East,New York Mets,97,14,65,0,0.599,0.0,"101,084,963",-0.00218
2005,National,East,New York Mets,83,12,79,0,0.512,7.0,"101,305,821",0.00672
2004,National,East,New York Mets,71,5,91,0,0.438,25.0,"100,629,303",-0.14122
2003,National,East,New York Mets,66,-9,95,0,0.410,34.0,"117,176,620",0.23821
2002,National,East,New York Mets,75,-7,86,0,0.466,26.0,"94,633,593",0.01566
2001,National,East,New York Mets,82,-12,80,0,0.506,6.0,"93,174,428",0.17186
2000,National,East,New York Mets,94,-3,68,0,0.580,1.0,"79,509,776",0.11186
1999,National,East,New York Mets,97,0,66,0,0.595,6.0,"71,510,523",0.00000
2019,American,East,New York Yankees,103,3,59,0,0.636,0.0,"208,084,848",0.29000
2018,American,East,New York Yankees,100,9,62,0,0.617,8.0,"161,305,917",-0.06079
2017,American,East,New York Yankees,91,7,71,0,0.562,2.0,"171,746,342",-0.15544
2016,American,East,New York Yankees,84,-3,78,0,0.519,9.0,"203,354,935",0.05536
2015,American,East,New York Yankees,87,3,75,0,0.537,6.0,"192,687,142",-0.05459
2014,American,East,New York Yankees,84,-1,78,0,0.518,12.0,"203,812,506",0.11475
2013,American,East,New York Yankees,85,-10,77,0,0.525,12.0,"182,832,190",-0.07643
2012,American,East,New York Yankees,95,-2,67,0,0.586,0.0,"197,962,289",-0.02332
2011,American,East,New York Yankees,97,2,65,0,0.599,0.0,"202,689,028",-0.01766
2010,American,East,New York Yankees,95,-8,67,0,0.586,1.0,"206,333,389",0.02425
2009,American,East,New York Yankees,103,14,59,0,0.636,0.0,"201,449,189",-0.03650
2008,American,East,New York Yankees,89,-5,73,0,0.549,8.0,"209,081,579",0.10252
2007,American,East,New York Yankees,94,-3,68,0,0.580,2.0,"189,639,045",-0.02581
2006,American,East,New York Yankees,97,2,65,0,0.599,0.0,"194,663,079",-0.06505
2005,American,East,New York Yankees,95,-6,67,0,0.586,0.0,"208,206,817",0.13877
2004,American,East,New York Yankees,101,0,61,0,0.623,0.0,"182,835,513",0.19696
2003,American,East,New York Yankees,101,-2,61,1,0.623,0.0,"152,749,814",0.21299
2002,American,East,New York Yankees,103,8,58,0,0.640,0.0,"125,928,583",0.14698
2001,American,East,New York Yankees,95,8,65,0,0.594,0.0,"109,791,893",0.18645
2000,American,East,New York Yankees,87,-11,74,0,0.540,0.0,"92,538,260",0.00595
1999,American,East,New York Yankees,98,0,64,0,0.605,0.0,"91,990,955",0.00000
2019,American,West,Oakland Athletics,97,0,65,0,0.599,10.0,"92,318,333",0.47350
2018,American,West,Oakland Athletics,97,22,65,0,0.599,6.0,"62,652,500",-0.10029
2017,American,West,Oakland Athletics,75,6,87,0,0.463,26.0,"69,636,667",-0.08223
2016,American,West,Oakland Athletics,69,1,93,0,0.426,26.0,"75,876,234",0.09412
2015,American,West,Oakland Athletics,68,-20,94,0,0.420,20.0,"69,349,166",-0.16849
2014,American,West,Oakland Athletics,88,-8,74,0,0.543,10.0,"83,401,400",1.12761
2013,American,West,Oakland Athletics,96,2,66,0,0.593,0.0,"39,199,500",-0.29208
2012,American,West,Oakland Athletics,94,20,68,0,0.580,0.0,"55,372,500",-0.16779
2011,American,West,Oakland Athletics,74,-7,88,0,0.457,22.0,"66,536,500",0.28810
2010,American,West,Oakland Athletics,81,6,81,0,0.500,9.0,"51,654,900",-0.17100
2009,American,West,Oakland Athletics,75,0,87,0,0.463,22.0,"62,310,000",0.29901
2008,American,West,Oakland Athletics,75,-1,86,0,0.466,24.0,"47,967,126",-0.39563
2007,American,West,Oakland Athletics,76,-17,86,0,0.469,18.0,"79,366,940",0.27511
2006,American,West,Oakland Athletics,93,5,69,0,0.574,0.0,"62,243,079",0.12300
2005,American,West,Oakland Athletics,88,-3,74,0,0.543,7.0,"55,425,762",-0.07354
2004,American,West,Oakland Athletics,91,-5,71,0,0.562,1.0,"59,825,167",0.19029
2003,American,West,Oakland Athletics,96,-7,66,0,0.593,0.0,"50,260,834",0.26666
2002,American,West,Oakland Athletics,103,1,59,0,0.636,0.0,"39,679,746",0.17358
2001,American,West,Oakland Athletics,102,11,60,0,0.630,13.0,"33,810,750",0.05753
2000,American,West,Oakland Athletics,91,4,70,0,0.565,0.0,"31,971,333",0.26826
1999,American,West,Oakland Athletics,87,0,75,0,0.537,8.0,"25,208,858",0.00000
2019,National,East,Philadelphia Phillies,81,1,81,0,0.500,16.0,"140,711,962",0.88399
2018,National,East,Philadelphia Phillies,80,14,82,0,0.494,10.0,"74,688,166",-0.13669
2017,National,East,Philadelphia Phillies,66,-5,96,0,0.407,31.0,"86,513,378",0.90298
2016,National,East,Philadelphia Phillies,71,8,91,0,0.438,24.0,"45,462,000",-0.57725
2015,National,East,Philadelphia Phillies,63,-10,99,0,0.389,27.0,"107,540,000",-0.40273
2014,National,East,Philadelphia Phillies,73,0,89,0,0.451,23.0,"180,052,723",0.24264
2013,National,East,Philadelphia Phillies,73,-8,89,0,0.451,23.0,"144,895,714",-0.16984
2012,National,East,Philadelphia Phillies,81,-21,81,0,0.500,17.0,"174,538,938",0.00903
2011,National,East,Philadelphia Phillies,102,5,60,0,0.630,0.0,"172,976,379",0.21877
2010,National,East,Philadelphia Phillies,97,4,65,0,0.599,0.0,"141,927,381",0.25595
2009,National,East,Philadelphia Phillies,93,1,69,0,0.574,0.0,"113,004,046",0.14994
2008,National,East,Philadelphia Phillies,92,3,70,0,0.568,0.0,"98,269,881",0.09887
2007,National,East,Philadelphia Phillies,89,4,73,0,0.549,0.0,"89,428,213",0.01308
2006,National,East,Philadelphia Phillies,85,-3,77,0,0.525,12.0,"88,273,333",-0.07588
2005,National,East,Philadelphia Phillies,88,2,74,0,0.543,2.0,"95,522,000",0.02470
2004,National,East,Philadelphia Phillies,86,0,76,0,0.531,10.0,"93,219,167",0.31703
2003,National,East,Philadelphia Phillies,86,6,76,0,0.531,15.0,"70,780,000",0.22129
2002,National,East,Philadelphia Phillies,80,-6,81,0,0.497,21.0,"57,955,000",0.39100
2001,National,East,Philadelphia Phillies,86,21,76,0,0.531,2.0,"41,664,167",-0.11930
2000,National,East,Philadelphia Phillies,65,-12,97,0,0.401,30.0,"47,308,000",0.55406
1999,National,East,Philadelphia Phillies,77,0,85,0,0.475,26.0,"30,441,500",0.00000
2019,National,Central,Pittsburgh Pirates,69,-13,93,0,0.426,22.0,"76,589,154",-0.05836
2018,National,Central,Pittsburgh Pirates,82,7,79,0,0.509,13.0,"81,335,833",-0.15393
2017,National,Central,Pittsburgh Pirates,75,-3,87,0,0.463,17.0,"96,133,666",-0.05053
2016,National,Central,Pittsburgh Pirates,78,-20,83,0,0.484,25.0,"101,249,666",0.19530
2015,National,Central,Pittsburgh Pirates,98,10,64,0,0.605,0.0,"84,706,665",0.08443
2014,National,Central,Pittsburgh Pirates,88,-6,74,0,0.543,2.0,"78,111,667",0.00719
2013,National,Central,Pittsburgh Pirates,94,15,68,0,0.580,3.0,"77,554,000",0.22263
2012,National,Central,Pittsburgh Pirates,79,7,83,0,0.488,18.0,"63,431,999",0.40813
2011,National,Central,Pittsburgh Pirates,72,15,90,0,0.444,24.0,"45,047,000",0.28916
2010,National,Central,Pittsburgh Pirates,57,-5,105,0,0.352,34.0,"34,943,000",-0.28238
2009,National,Central,Pittsburgh Pirates,62,-5,99,0,0.385,28.0,"48,693,001",-0.01362
2008,National,Central,Pittsburgh Pirates,67,-1,95,0,0.414,30.0,"49,365,283",0.28096
2007,National,Central,Pittsburgh Pirates,68,1,94,0,0.420,17.0,"38,537,833",-0.17509
2006,National,Central,Pittsburgh Pirates,67,0,95,0,0.414,16.0,"46,717,750",0.22513
2005,National,Central,Pittsburgh Pirates,67,-5,95,0,0.414,33.0,"38,133,000",0.18323
2004,National,Central,Pittsburgh Pirates,72,-3,89,0,0.447,32.0,"32,227,929",-0.41203
2003,National,Central,Pittsburgh Pirates,75,3,87,0,0.463,13.0,"54,812,429",0.29508
2002,National,Central,Pittsburgh Pirates,72,10,89,0,0.447,24.0,"42,323,598",-0.19687
2001,National,Central,Pittsburgh Pirates,62,-7,100,0,0.383,31.0,"52,698,333",0.82169
2000,National,Central,Pittsburgh Pirates,69,-9,93,0,0.426,26.0,"28,928,333",0.22151
1999,National,Central,Pittsburgh Pirates,78,0,83,0,0.484,18.0,"23,682,420",0.00000
2019,National,West,San Diego Padres,70,4,92,0,0.432,36.0,"99,205,017",0.34576
2018,National,West,San Diego Padres,66,-5,96,0,0.407,24.5,"73,716,532",1.29446
2017,National,West,San Diego Padres,71,3,91,0,0.438,33.0,"32,128,066",-0.64300
2016,National,West,San Diego Padres,68,-6,94,0,0.420,23.0,"89,995,814",-0.25640
2015,National,West,San Diego Padres,74,-3,88,0,0.457,18.0,"121,027,794",0.34335
2014,National,West,San Diego Padres,77,1,85,0,0.475,17.0,"90,094,196",0.44601
2013,National,West,San Diego Padres,76,0,86,0,0.469,16.0,"62,305,200",0.12780
2012,National,West,San Diego Padres,76,5,86,0,0.469,18.0,"55,244,700",0.20440
2011,National,West,San Diego Padres,71,-19,91,0,0.438,23.0,"45,869,140",0.21349
2010,National,West,San Diego Padres,90,15,72,0,0.556,2.0,"37,799,300",-0.13570
2009,National,West,San Diego Padres,75,12,87,0,0.463,20.0,"43,734,200",-0.40641
2008,National,West,San Diego Padres,63,-26,99,0,0.389,21.0,"73,677,617",0.26789
2007,National,West,San Diego Padres,89,1,74,0,0.546,1.0,"58,110,567",-0.16862
2006,National,West,San Diego Padres,88,6,74,0,0.543,0.0,"69,896,141",0.10436
2005,National,West,San Diego Padres,82,-5,80,0,0.506,0.0,"63,290,833",0.15833
2004,National,West,San Diego Padres,87,23,75,0,0.537,6.0,"54,639,503",0.14003
2003,National,West,San Diego Padres,64,-2,98,0,0.395,36.0,"47,928,000",0.15698
2002,National,West,San Diego Padres,66,-13,96,0,0.407,32.0,"41,425,000",0.08066
2001,National,West,San Diego Padres,79,3,83,0,0.488,13.0,"38,333,117",-0.30076
2000,National,West,San Diego Padres,76,2,86,0,0.469,21.0,"54,821,000",0.17876
1999,National,West,San Diego Padres,74,0,88,0,0.457,26.0,"46,507,179",0.00000
2019,National,West,San Francisco Giants,77,4,85,0,0.475,29.0,"178,286,222",-0.03367
2018,National,West,San Francisco Giants,73,9,89,0,0.451,18.5,"184,499,166",0.37665
2017,National,West,San Francisco Giants,64,-23,98,0,0.395,40.0,"134,020,166",0.05752
2016,National,West,San Francisco Giants,87,3,75,0,0.537,4.0,"126,730,166",0.01559
2015,National,West,San Francisco Giants,84,-4,78,0,0.519,8.0,"124,784,832",-0.19069
2014,National,West,San Francisco Giants,88,12,74,0,0.543,6.0,"154,185,878",0.48124
2013,National,West,San Francisco Giants,76,-18,86,0,0.469,16.0,"104,092,501",-0.11502
2012,National,West,San Francisco Giants,94,8,68,0,0.580,0.0,"117,620,683",-0.00489
2011,National,West,San Francisco Giants,86,-6,76,0,0.531,8.0,"118,198,333",0.20822
2010,National,West,San Francisco Giants,92,4,70,0,0.568,0.0,"97,828,833",0.18413
2009,National,West,San Francisco Giants,88,16,74,0,0.543,7.0,"82,616,450",0.07427
2008,National,West,San Francisco Giants,72,1,90,0,0.444,12.0,"76,904,500",-0.14758
2007,National,West,San Francisco Giants,71,-5,91,0,0.438,19.0,"90,219,056",0.00181
2006,National,West,San Francisco Giants,76,1,85,0,0.472,11.0,"90,056,419",-0.00159
2005,National,West,San Francisco Giants,75,-16,87,0,0.463,7.0,"90,199,500",0.09974
2004,National,West,San Francisco Giants,91,-9,71,0,0.562,2.0,"82,019,167",-0.01005
2003,National,West,San Francisco Giants,100,5,61,0,0.621,0.0,"82,852,167",0.05814
2002,National,West,San Francisco Giants,95,5,66,0,0.590,2.0,"78,299,835",0.23633
2001,National,West,San Francisco Giants,90,-7,72,0,0.556,2.0,"63,332,667",0.17855
2000,National,West,San Francisco Giants,97,11,65,0,0.599,0.0,"53,737,826",0.16842
1999,National,West,San Francisco Giants,86,0,76,0,0.531,14.0,"45,991,934",0.00000
2019,American,West,Seattle Mariners,68,-21,94,0,0.420,39.0,"150,906,143",-0.08710
2018,American,West,Seattle Mariners,89,11,73,0,0.549,14.0,"165,303,943",0.39842
2017,American,West,Seattle Mariners,78,-8,84,0,0.481,23.0,"118,207,720",0.18853
2016,American,West,Seattle Mariners,86,10,76,0,0.531,9.0,"99,457,243",0.08451
2015,American,West,Seattle Mariners,76,-11,86,0,0.469,12.0,"91,706,842",-0.00407
2014,American,West,Seattle Mariners,87,16,75,0,0.537,11.0,"92,081,943",0.52716
2013,American,West,Seattle Mariners,71,-4,91,0,0.438,25.0,"60,296,043",-0.26449
2012,American,West,Seattle Mariners,75,8,87,0,0.463,19.0,"81,978,100",-0.05255
2011,American,West,Seattle Mariners,67,6,95,0,0.414,29.0,"86,524,600",-0.12048
2010,American,West,Seattle Mariners,61,-24,101,0,0.377,29.0,"98,376,667",-0.00533
2009,American,West,Seattle Mariners,85,24,77,0,0.525,12.0,"98,904,166",-0.16179
2008,American,West,Seattle Mariners,61,-27,101,0,0.377,39.0,"117,993,982",0.10833
2007,American,West,Seattle Mariners,88,10,74,0,0.543,6.0,"106,460,833",0.21033
2006,American,West,Seattle Mariners,78,9,84,0,0.481,15.0,"87,959,833",0.00234
2005,American,West,Seattle Mariners,69,6,93,0,0.426,26.0,"87,754,334",0.07616
2004,American,West,Seattle Mariners,63,-30,99,0,0.389,29.0,"81,543,833",-0.06227
2003,American,West,Seattle Mariners,93,0,69,0,0.574,3.0,"86,959,167",0.08316
2002,American,West,Seattle Mariners,93,-23,69,0,0.574,10.0,"80,282,668",0.06120
2001,American,West,Seattle Mariners,116,25,46,0,0.716,0.0,"75,652,500",0.28410
2000,American,West,Seattle Mariners,91,12,71,0,0.562,0.0,"58,915,000",0.29908
1999,American,West,Seattle Mariners,79,0,83,0,0.488,16.0,"45,351,254",0.00000
2019,National,Central,St. Louis Cardinals,91,3,71,0,0.562,0.0,"162,830,430",0.60292
2018,National,Central,St. Louis Cardinals,88,5,74,0,0.543,7.5,"101,583,666",-0.10567
2017,National,Central,St. Louis Cardinals,83,-3,79,0,0.512,9.0,"113,586,266",-0.02329
2016,National,Central,St. Louis Cardinals,86,-14,76,0,0.531,17.5,"116,295,166",0.17854
2015,National,Central,St. Louis Cardinals,100,10,62,0,0.617,0.0,"98,676,957",-0.11118
2014,National,Central,St. Louis Cardinals,90,-7,72,0,0.556,0.0,"111,020,360",0.18672
2013,National,Central,St. Louis Cardinals,97,9,65,0,0.599,0.0,"93,552,086",-0.15185
2012,National,Central,St. Louis Cardinals,88,-2,74,0,0.543,9.0,"110,300,862",0.04616
2011,National,Central,St. Louis Cardinals,90,4,72,0,0.556,6.0,"105,433,572",0.12714
2010,National,Central,St. Louis Cardinals,86,-5,76,0,0.531,5.0,"93,540,753",0.20534
2009,National,Central,St. Louis Cardinals,91,5,71,0,0.562,0.0,"77,605,109",-0.22876
2008,National,Central,St. Louis Cardinals,86,8,76,0,0.531,11.0,"100,624,450",0.11450
2007,National,Central,St. Louis Cardinals,78,-5,84,0,0.481,7.0,"90,286,823",0.01570
2006,National,Central,St. Louis Cardinals,83,-17,78,0,0.516,0.0,"88,891,371",-0.03491
2005,National,Central,St. Louis Cardinals,100,-5,62,0,0.617,0.0,"92,106,833",0.21780
2004,National,Central,St. Louis Cardinals,105,20,57,0,0.648,0.0,"75,633,517",-0.09417
2003,National,Central,St. Louis Cardinals,85,-12,77,0,0.525,3.0,"83,496,666",0.12684
2002,National,Central,St. Louis Cardinals,97,4,65,0,0.599,0.0,"74,098,267",-0.04106
2001,National,Central,St. Louis Cardinals,93,-2,69,0,0.574,0.0,"77,270,855",0.25738
2000,National,Central,St. Louis Cardinals,95,20,67,0,0.586,0.0,"61,453,863",0.32623
1999,National,Central,St. Louis Cardinals,75,0,86,0,0.466,21.0,"46,337,129",0.00000
2019,American,East,Tampa Bay Rays,96,6,66,0,0.593,7.0,"60,444,931",-0.13161
2018,American,East,Tampa Bay Rays,90,10,72,0,0.556,18.0,"69,605,999",0.09896
2017,American,East,Tampa Bay Rays,80,12,82,0,0.494,13.0,"63,338,033",0.18041
2016,American,East,Tampa Bay Rays,68,-12,94,0,0.420,25.0,"53,657,743",-0.25972
2015,American,East,Tampa Bay Rays,80,3,82,0,0.494,13.0,"72,482,918",-0.05943
2014,American,East,Tampa Bay Rays,77,-15,85,0,0.475,19.0,"77,062,891",0.48475
2013,American,East,Tampa Bay Rays,92,2,71,0,0.564,5.0,"51,903,072",-0.19121
2012,American,East,Tampa Bay Rays,90,-1,72,0,0.556,5.0,"64,173,500",0.56316
2011,American,East,Tampa Bay Rays,91,-5,71,0,0.562,6.0,"41,053,571",-0.42920
2010,American,East,Tampa Bay Rays,96,12,66,0,0.593,0.0,"71,923,471",0.13600
2009,American,East,Tampa Bay Rays,84,-13,78,0,0.519,19.0,"63,313,034",0.44482
2008,American,East,Tampa Bay Rays,97,31,65,0,0.599,0.0,"43,820,598",0.81651
2007,American,East,Tampa Bay Rays,66,5,96,0,0.407,30.0,"24,123,500",-0.31889
2006,American,East,Tampa Bay Rays,61,-6,101,0,0.377,36.0,"35,417,967",0.20621
2005,American,East,Tampa Bay Rays,67,-3,95,0,0.414,28.0,"29,363,067",-0.00487
2004,American,East,Tampa Bay Rays,70,7,91,0,0.435,30.0,"29,506,667",0.50314
2003,American,East,Tampa Bay Rays,63,8,99,0,0.389,38.0,"19,630,000",-0.42903
2002,American,East,Tampa Bay Rays,55,-7,106,0,0.342,48.0,"34,380,000",-0.37261
2001,American,East,Tampa Bay Rays,62,-7,100,0,0.383,34.0,"54,798,500",-0.12693
2000,American,East,Tampa Bay Rays,69,0,92,0,0.429,18.0,"62,765,129",0.65780
1999,American,East,Tampa Bay Rays,69,0,93,0,0.426,29.0,"37,860,451",0.00000
2019,American,West,Texas Rangers,78,11,84,0,0.481,29.0,"127,660,652",-0.00901
2018,American,West,Texas Rangers,67,-11,95,0,0.414,36.0,"128,821,249",-0.17297
2017,American,West,Texas Rangers,78,-17,84,0,0.481,23.0,"155,764,342",0.38205
2016,American,West,Texas Rangers,95,7,67,0,0.586,0.0,"112,705,390",0.15508
2015,American,West,Texas Rangers,88,21,74,0,0.543,0.0,"97,574,040",-0.28273
2014,American,West,Texas Rangers,67,-24,95,0,0.414,31.0,"136,036,172",0.22647
2013,American,West,Texas Rangers,91,-2,72,0,0.558,5.0,"110,917,100",-0.07961
2012,American,West,Texas Rangers,93,-3,69,0,0.574,1.0,"120,510,974",0.30565
2011,American,West,Texas Rangers,96,6,66,0,0.593,0.0,"92,299,264",0.67056
2010,American,West,Texas Rangers,90,3,72,0,0.556,0.0,"55,250,545",-0.18962
2009,American,West,Texas Rangers,87,8,75,0,0.537,10.0,"68,178,798",-0.00089
2008,American,West,Texas Rangers,79,4,83,0,0.488,21.0,"68,239,551",-0.00116
2007,American,West,Texas Rangers,75,-5,87,0,0.463,19.0,"68,318,675",0.00132
2006,American,West,Texas Rangers,80,1,82,0,0.494,13.0,"68,228,662",0.22166
2005,American,West,Texas Rangers,79,-10,83,0,0.488,16.0,"55,849,000",0.01866
2004,American,West,Texas Rangers,89,18,73,0,0.549,3.0,"54,825,973",-0.47024
2003,American,West,Texas Rangers,71,-1,91,0,0.438,25.0,"103,491,667",-0.01719
2002,American,West,Texas Rangers,72,-1,90,0,0.444,31.0,"105,302,124",0.18980
2001,American,West,Texas Rangers,73,2,89,0,0.451,43.0,"88,504,421",0.25013
2000,American,West,Texas Rangers,71,-24,91,0,0.438,20.0,"70,795,921",-0.12383
1999,American,West,Texas Rangers,95,0,67,0,0.586,0.0,"80,801,598",0.00000
2019,American,East,Toronto Blue Jays,67,-6,95,0,0.414,36.0,"112,037,006",-0.31736
2018,American,East,Toronto Blue Jays,73,-3,89,0,0.451,35.0,"164,122,200",0.34783
2017,American,East,Toronto Blue Jays,76,-13,86,0,0.469,17.0,"121,767,667",-0.16700
2016,American,East,Toronto Blue Jays,89,-4,73,0,0.549,4.0,"146,179,900",0.47812
2015,American,East,Toronto Blue Jays,93,10,69,0,0.574,0.0,"98,895,700",-0.25434
2014,American,East,Toronto Blue Jays,83,9,79,0,0.512,13.0,"132,628,700",0.17324
2013,American,East,Toronto Blue Jays,74,1,88,0,0.457,23.0,"113,044,500",0.49749
2012,American,East,Toronto Blue Jays,73,-8,89,0,0.451,22.0,"75,489,200",0.20652
2011,American,East,Toronto Blue Jays,81,-4,81,0,0.500,16.0,"62,567,800",-0.00194
2010,American,East,Toronto Blue Jays,85,10,77,0,0.525,11.0,"62,689,357",-0.22162
2009,American,East,Toronto Blue Jays,75,-11,87,0,0.463,28.0,"80,538,300",-0.18353
2008,American,East,Toronto Blue Jays,86,3,76,0,0.531,11.0,"98,641,957",0.20379
2007,American,East,Toronto Blue Jays,83,-4,79,0,0.512,13.0,"81,942,800",0.13944
2006,American,East,Toronto Blue Jays,87,7,75,0,0.537,10.0,"71,915,000",0.57296
2005,American,East,Toronto Blue Jays,80,13,82,0,0.494,15.0,"45,719,500",-0.08592
2004,American,East,Toronto Blue Jays,67,-19,94,0,0.416,33.0,"50,017,000",-0.02442
2003,American,East,Toronto Blue Jays,86,8,76,0,0.531,15.0,"51,269,000",-0.33299
2002,American,East,Toronto Blue Jays,78,-2,84,0,0.481,25.0,"76,864,333",0.01406
2001,American,East,Toronto Blue Jays,80,-3,82,0,0.494,16.0,"75,798,500",0.63930
2000,American,East,Toronto Blue Jays,83,-1,79,0,0.512,4.0,"46,238,333",-0.05341
1999,American,East,Toronto Blue Jays,84,0,78,0,0.519,14.0,"48,847,300",0.00000
2019,National,East,Washington Nationals,93,11,69,0,0.574,4.0,"161,877,935",0.14303
2018,National,East,Washington Nationals,82,-15,80,0,0.506,8.0,"141,622,200",0.13476
2017,National,East,Washington Nationals,97,2,65,0,0.599,0.0,"124,804,062",0.05059
2016,National,East,Washington Nationals,95,12,67,0,0.586,0.0,"118,793,822",-0.20099
2015,National,East,Washington Nationals,83,-13,79,0,0.512,7.0,"148,676,453",0.10372
2014,National,East,Washington Nationals,96,10,66,0,0.593,0.0,"134,704,437",0.20967
2013,National,East,Washington Nationals,86,-12,76,0,0.531,10.0,"111,356,769",0.36909
2012,National,East,Washington Nationals,98,18,64,0,0.605,0.0,"81,336,143",0.27372
2011,National,East,Washington Nationals,80,11,81,0,0.497,21.0,"63,856,928",0.03959
2010,National,East,Washington Nationals,69,10,93,0,0.426,28.0,"61,425,000",0.01818
2009,National,East,Washington Nationals,59,0,103,0,0.364,34.0,"60,328,000",0.09765
2008,National,East,Washington Nationals,59,-14,102,0,0.366,32.0,"54,961,000",0.47161
2007,National,East,Washington Nationals,73,2,89,0,0.451,16.0,"37,347,500",-0.40853
2006,National,East,Washington Nationals,71,-10,91,0,0.438,26.0,"63,143,000",0.29973
2005,National,East,Washington Nationals,81,14,81,0,0.500,9.0,"48,581,500",0.12464
2004,National,East,Washington Nationals,67,-16,95,0,0.414,29.0,"43,197,500",-0.16846
2003,National,East,Washington Nationals,83,0,79,0,0.512,18.0,"51,948,500",0.34336
2002,National,East,Washington Nationals,83,15,79,0,0.512,19.0,"38,670,500",0.11204
2001,National,East,Washington Nationals,68,1,94,0,0.420,20.0,"34,774,500",-0.00094
2000,National,East,Washington Nationals,67,-1,95,0,0.414,28.0,"34,807,333",1.31813
1999,National,East,Washington Nationals,68,0,94,0,0.420,35.0,"15,015,250",0.00000